{"cameraMode":{"drawMode":0,"name":"Shaded","section":"Shading Mode"},"sceneLighting":false,"audioPlay":false,"sceneViewState":{"showFog":true,"showMaterialUpdate":false,"showSkybox":false,"showFlares":true,"showImageEffects":true,"showParticleSystems":true},"in2DMode":false,"pivot":{"x":-2.183340072631836,"y":2.151787281036377,"z":-3.4237654209136965},"rotation":{"x":0.23750409483909608,"y":0.3109377920627594,"z":-0.08055582642555237,"w":0.9167436957359314},"size":0.9369845986366272,"orthographic":false}