{"cameraMode":{"drawMode":0,"name":"Shaded","section":"Shading Mode"},"sceneLighting":true,"audioPlay":false,"sceneViewState":{"showFog":true,"showMaterialUpdate":false,"showSkybox":true,"showFlares":true,"showImageEffects":true,"showParticleSystems":true},"in2DMode":false,"pivot":{"x":9.180450439453125,"y":-0.4653301239013672,"z":14.875556945800782},"rotation":{"x":0.15372267365455628,"y":-0.3474901616573334,"z":0.05786188319325447,"w":0.9231868386268616},"size":120.44068908691406,"orthographic":false}