{"cameraMode":{"drawMode":0,"name":"Shaded","section":"Shading Mode"},"sceneLighting":false,"audioPlay":false,"sceneViewState":{"showFog":true,"showMaterialUpdate":false,"showSkybox":false,"showFlares":true,"showImageEffects":true,"showParticleSystems":true},"in2DMode":false,"pivot":{"x":-3.890000343322754,"y":2.250000476837158,"z":-3.3422627449035646},"rotation":{"x":0.23750409483909608,"y":0.3109377920627594,"z":-0.08055582642555237,"w":0.9167436957359314},"size":0.6369844675064087,"orthographic":false}