{"cameraMode":{"drawMode":0,"name":"Shaded","section":"Shading Mode"},"sceneLighting":false,"audioPlay":false,"sceneViewState":{"showFog":true,"showMaterialUpdate":false,"showSkybox":false,"showFlares":true,"showImageEffects":true,"showParticleSystems":true},"in2DMode":false,"pivot":{"x":0.8528265953063965,"y":-2.0633530616760256,"z":1.286242961883545},"rotation":{"x":0.25316426157951357,"y":0.4507535696029663,"z":-0.13500206172466279,"w":0.8452842235565186},"size":5.660984039306641,"orthographic":false}