{"cameraMode":{"drawMode":0,"name":"Shaded","section":"Shading Mode"},"sceneLighting":false,"audioPlay":false,"sceneViewState":{"showFog":true,"showMaterialUpdate":false,"showSkybox":false,"showFlares":true,"showImageEffects":true,"showParticleSystems":true},"in2DMode":false,"pivot":{"x":0.5305004119873047,"y":0.24121034145355225,"z":10.594099998474121},"rotation":{"x":0.4893686771392822,"y":0.019093608483672143,"z":-0.010718020610511303,"w":0.8718027472496033},"size":3.327113628387451,"orthographic":false}