{"cameraMode":{"drawMode":0,"name":"Shaded","section":"Shading Mode"},"sceneLighting":false,"audioPlay":false,"sceneViewState":{"showFog":true,"showMaterialUpdate":false,"showSkybox":false,"showFlares":true,"showImageEffects":true,"showParticleSystems":true},"in2DMode":false,"pivot":{"x":0.6011001467704773,"y":2.8633108139038088,"z":-0.553065299987793},"rotation":{"x":0.43226227164268496,"y":-2.0368503328427324e-8,"z":-1.5489863613993294e-8,"w":0.9017482995986939},"size":5.997506618499756,"orthographic":false}