{"cameraMode":{"drawMode":0,"name":"Shaded","section":"Shading Mode"},"sceneLighting":false,"audioPlay":false,"sceneViewState":{"showFog":true,"showMaterialUpdate":false,"showSkybox":false,"showFlares":true,"showImageEffects":true,"showParticleSystems":true},"in2DMode":false,"pivot":{"x":-1.8416829109191895,"y":1.482753872871399,"z":-1.890347957611084},"rotation":{"x":0.23750409483909608,"y":0.3109377920627594,"z":-0.08055582642555237,"w":0.9167436957359314},"size":0.7543511986732483,"orthographic":false}