{"cameraMode":{"drawMode":0,"name":"Shaded","section":"Shading Mode"},"sceneLighting":false,"audioPlay":false,"sceneViewState":{"showFog":true,"showMaterialUpdate":false,"showSkybox":false,"showFlares":true,"showImageEffects":true,"showParticleSystems":true},"in2DMode":false,"pivot":{"x":0.3731689453125,"y":0.48267555236816409,"z":0.013763427734375},"rotation":{"x":0.25316426157951357,"y":0.4507535696029663,"z":-0.13500206172466279,"w":0.8452842235565186},"size":5.960984230041504,"orthographic":false}