{"cameraMode":{"drawMode":0,"name":"Shaded","section":"Shading Mode"},"sceneLighting":true,"audioPlay":false,"sceneViewState":{"showFog":true,"showMaterialUpdate":false,"showSkybox":true,"showFlares":true,"showImageEffects":true,"showParticleSystems":true},"in2DMode":false,"pivot":{"x":0.007523052394390106,"y":-0.16042768955230714,"z":12.240081787109375},"rotation":{"x":0.18209852278232575,"y":-0.08983171731233597,"z":0.01670866459608078,"w":0.9790257811546326},"size":0.40865838527679446,"orthographic":false}