{"cameraMode":{"drawMode":0,"name":"Shaded","section":"Shading Mode"},"sceneLighting":false,"audioPlay":false,"sceneViewState":{"showFog":true,"showMaterialUpdate":false,"showSkybox":false,"showFlares":true,"showImageEffects":true,"showParticleSystems":true},"in2DMode":false,"pivot":{"x":-4.31279993057251,"y":2.45359468460083,"z":-1.8162333965301514},"rotation":{"x":0.23750409483909608,"y":0.3109377920627594,"z":-0.08055582642555237,"w":0.9167436957359314},"size":0.6369844675064087,"orthographic":false}